{"task": "yacht", "mtnet_reg": {"rmse_mean": 1.032597462609396, "rmse_std": 0.08312485792816249, "nll_mean": 0.7767172945695267, "nll_std": 0.059682371116770584}}